category,channel_country,channelTitle,subscriber_count,total_view_count
People & Blogs,US,Kendrick Lamar,16700000,8075880738
Music,US,theneedledrop,2950000,1077287997
Gaming,US,Call of Duty,7980000,1620597278
People & Blogs,US,Kai Trump,390000,10702922
Sports,US,Phil Mickelson and the HyFlyers,159000,1740094
Entertainment,US,Netflix,29300000,9037471418
Film & Animation,US,Paramount Pictures,3750000,2919166825
Entertainment,US,TD BRICKS,6290000,2320011090
Entertainment,US,Disney,5890000,507556732
Music,US,kevingatesTV,8590000,9608282197
Gaming,US,Cinemassacre,3860000,2294319463
Gaming,US,Ludwig,6400000,2699140674
Gaming,FI,Hay Day,2270000,323229714
People & Blogs,US,Dexter on Paramount+ with Showtime,528000,47597435
Entertainment,CA,Kalogeras Sisters ,2790000,170671962
Education,AU,Code Bullet,3170000,260677398
Entertainment,US,Bailey Sarian,7520000,1277305107
Entertainment,US,The Chosen,2980000,316878244
Gaming,GB,Total War,550000,243316537
Pets & Animals,US,Dinzo,165000,8876778
Comedy,US,Lost in the Pond,760000,172164201
Entertainment,US,Stay Wild,8230000,2081097535
Music,US,League of Legends,15500000,8338916953
Music,US,FUERZA REGIDA,4400000,6116173894
Entertainment,US,Pearl Fountain,114000,28765466
Gaming,GB,Grian,8640000,2543735765
Music,KR,SMTOWN,32800000,30565191548
Comedy,US,Drew Gooden,4360000,933105619
News & Politics,US,KHON2 News,297000,278547307
Music,US,Fortnite,12800000,2879932460
Gaming,US,CaylusBlox,496000,52622322
Entertainment,US,Entertainment Weekly,687000,576487290
Sports,US,CBS Sports Golazo - Asia,23200,14991975
Gaming,CA,oShven,1070000,75312537
Gaming,US,CouRage Gaming,2510000,1004622875
Entertainment,US,No Life Shaq,4700000,1067687671
Entertainment,US,Teen Vogue,2130000,846654198
Music,GB,Ed Sheeran,55500000,33424121267
People & Blogs,US,The Royalty Family,27300000,9105752012
Gaming,EG,Fortnite Events,381000,137755049
Sports,US,BlankBoy,517000,45351164
Entertainment,US,Louie's Life,2750000,349069043
Gaming,IN,gattu,6280000,1026909563
Music,US,Louaista,1530000,1345135161
Film & Animation,US,Vivziepop,10400000,1498698697
Sports,US,NFL,13500000,11127483643
Gaming,US,League of Legends,15500000,8338916953
Science & Technology,US,The Deal Guy,2720000,372559523
Howto & Style,CA,Zac Builds,454000,74747183
Science & Technology,US,Real Engineering,4610000,574244869
Autos & Vehicles,US,Jay Leno's Garage,3750000,986142734
Gaming,FI,Clash of Clans,21100000,4740458130
People & Blogs,GB,Half-Asleep Chris,3650000,950477852
News & Politics,US,BENOFTHEWEEK,8080000,2740983363
People & Blogs,KR,izna (이즈나),415000,31163264
Gaming,US,Teamfight Tactics,133000,110736414
Sports,US,NBA on ESPN,1680000,1402322062
Music,IN,T-Series Telugu,11100000,8699345616
Sports,MY,The AFC Hub,1910000,382143398
Gaming,US,GMHikaru,2620000,899802653
News & Politics,US,CBS TEXAS,449000,403496544
Sports,GB,5IVE GUYS FC,508000,82394520
Entertainment,US,JayBlac,337000,45550264
Entertainment,US,Cut,12200000,5805718393
People & Blogs,CA,Will Tennyson,3130000,801763176
Sports,US,ESPN,13000000,15794941851
Gaming,GB,FriendlyMachine,2560000,391760465
Sports,US,FORMULA 1,11300000,7365950014
Sports,US,Denver Broncos,156000,68403794
Sports,US,NBC Sports,4720000,4412091159
Gaming,JP,PewDiePie,110000000,29444318118
Comedy,US,Haminations,7060000,1588220958
Comedy,US,courtreezy,4290000,439829502
Sports,US,ESPN College Football,961000,710631736
Gaming,GB,Judo Sloth Gaming,3170000,728906767
Sports,ES,Real Madrid,15900000,2780222063
Howto & Style,CA,Morley Kert,528000,137714311
Gaming,US,ProjectJamesify,4630000,2978907744
Gaming,GB,SkinSpotlights,2710000,2155020063
Gaming,US,Calvin,643000,65722103
Gaming,US,Sam Procrastinates,55500,18025261
People & Blogs,US,erica ha,1980000,162237186
Gaming,CA,Games Cage,62700,17845318
Sports,US,Jesser,22300000,5813532685
Gaming,NO,Boosfer,957000,191020399
Music,US,NoCap,1270000,1123413063
Sports,US,Minnesota Vikings,331000,158860746
Pets & Animals,US,Dr. Plants,2830000,243420742
Pets & Animals,US,TerraGreen,814000,70625158
Gaming,US,The Game Theorists,19400000,4348336246
Gaming,US,Evbo,2970000,963440645
Entertainment,US,Matt Stonie,16400000,3708222144
Sports,AU,cricket.com.au,9680000,5245222510
Sports,US,WWE,105000000,89725769013
Autos & Vehicles,US,PeckBrothers,106000,9544981
Gaming,NL,FundyLIVE,1320000,54657064
Entertainment,JP,ConnorDawg,1440000,370204220
Entertainment,US,Duke Dennis,3030000,169511357
Comedy,US,SEC Shorts,297000,94053252
People & Blogs,US,pierson,6060000,1826070921
Sports,US,On3,207000,55936587
Pets & Animals,CA,AntsCanada,6210000,755290794
Music,US,Riot Games Music,501000,202167092
Autos & Vehicles,US,ScrapLifeLee,520000,192779339
News & Politics,US,OfflineTV,3260000,830564328
People & Blogs,US,Safiya Nygaard,10100000,2035888906
Sports,GB,Tottenham Hotspur,3740000,1416387706
Pets & Animals,US,Bass fishing Productions,2410000,561136078
Gaming,US,Home Of Games,4550000,385212841
Film & Animation,US,JLaservideo,5110000,1221835923
Entertainment,US,Baylen Levine,4820000,855150535
Gaming,CA,Pazjor,678000,310042893
Sports,US,WWE on USA,647000,400627442
Gaming,NL,jessetc,1190000,525301018
Sports,US,The Joel Klatt Show: A College Football Podcast,179000,45886004
Gaming,US,Dani and Snappy,28800,3144956
Film & Animation,US,Wicked Movie,89700,35496821
Autos & Vehicles,US,Grind Hard Plumbing Co,2700000,552159091
Film & Animation,US,RDCworld1,7050000,1664925084
Entertainment,US,Magic The Noah,1170000,132576559
Entertainment,KR,Mnet K-POP,21400000,17129607978
Entertainment,US,Sam and Colby Reacts,1940000,140822788
Science & Technology,AU,ColdFusion,4930000,502146619
Gaming,US,PointCrow,2400000,593163683
Sports,GB,TNT Sports,5690000,3848708112
Film & Animation,US,ZAMination,5290000,1845487935
Entertainment,US,Schaffrillas Productions,1940000,458122424
Gaming,DE,Gamer Robot,4310000,266468534
Entertainment,US,AMP,6720000,768343770
Science & Technology,CA,Engineezy,876000,341254979
Entertainment,US,Direct Weather,252000,74949825
Entertainment,GB,BrainPilot,264000,129109254
Comedy,US,The Try Guys,7980000,2773619876
Sports,GB,The United Stand,1970000,1423137161
Sports,PY,CONMEBOL Sudamericana,309000,73459222
Sports,US,Autumn Nations Series,106000,56670698
Music,US,DaBaby,10800000,5384022470
Music,US,Republic Records,757000,593075801
Music,KR,ROSÉ,12900000,1365394128
Film & Animation,AU,GLITCH,12100000,1346891238
Music,GB,ThreeDaysGraceVEVO,1460000,2037806629
Autos & Vehicles,US,Donut,8880000,2808407813
People & Blogs,US,Royal Court,303000,23611728
Sports,US,"Fishing With ""Oh Dad!""",1410000,2961959
Sports,US,Netflix Sports,2150000,12692602
Music,MX,Tito Double P,828000,1076667838
Music,US,Oliver Anthony Music,1360000,221971796
Sports,PT,UR · Cristiano,69600000,647384087
Entertainment,US,JustParkers ,519000,14825262
Music,CO,MalumaVEVO,13900000,21080589580
People & Blogs,US,Joll and Conk,496000,47281439
Entertainment,GB,British Vogue,1660000,534181187
Music,US,twenty one pilots,13600000,6266146751
Music,US,On The Radar Radio,1050000,298188124
Entertainment,US,Lackadaisy,1040000,58973458
Music,US,Juice WRLD,12100000,6945220523
Music,US,NickiMinajAtVEVO,12500000,9367256640
Music,US,KaneBrownVEVO,696000,2321843955
Music,US,Grupo Frontera,4040000,5539321656
Music,US,Neutro Shorty,2990000,1461553113
Entertainment,US,Universal Pictures,9490000,6713007433
Gaming,US,Honkai: Star Rail,2390000,456596121
Gaming,US,PlayOverwatch,2960000,818097212
Music,US,Jack Harlow,2950000,1847692539
Music,CO,ElaTaubertVEVO,6350,130579702
Sports,MX,LIGA BBVA MX,1260000,688900540
Entertainment,US,Honkai: Star Rail,2390000,456596121
People & Blogs,KR,OfficialGDRAGON,3120000,431148615
People & Blogs,US,Gomu,92100,637724
Music,US,CMA Country Music Association,150000,66828005
Film & Animation,CA,Dungeon Soup,465000,46454964
Music,US,BossMan Dlow,787000,603187745
Entertainment,AU,SunnyV2,4250000,1257891319
Entertainment,GB,Gordon Ramsay,21000000,4263060634
Howto & Style,US,Blacktail Studio,2920000,382262244
Entertainment,US,Jeremy Jahns,2010000,908786664
News & Politics,US,WPLG Local 10,935000,1015479652
Music,US,Schlatt & Co.,1200000,134566216
Entertainment,US,DukeDennis LIVE,1220000,140796226
Gaming,SE,Minecraft,13900000,2408176358
Film & Animation,US,Pixar,8750000,4740302153
Comedy,US,Shane2,2770000,177903026
Gaming,GB,Stylosa,758000,430986666
